{"resourceType":"ValueSet","text":{"status":"generated","div":"<div><h2>DaysOfWeek</h2><p>The days of the week.</p><p>This value set includes codes from the following code systems:</p><ul><li>Include all codes defined in http://hl7.org/fhir/days-of-week</li></ul></div>"},"extension":[{"url":"http://hl7.org/fhir/StructureDefinition/valueset-oid","valueUri":"urn:oid:2.16.840.1.113883.4.642.2.302"}],"url":"http://hl7.org/fhir/ValueSet/days-of-week","version":"1.3.0","name":"DaysOfWeek","status":"draft","experimental":false,"publisher":"HL7 (FHIR Project)","contact":[{"telecom":[{"system":"other","value":"http://hl7.org/fhir"},{"system":"email","value":"fhir@lists.hl7.org"}]}],"date":"2016-03-07T20:14:49+11:00","description":"The days of the week.","compose":{"include":[{"system":"http://hl7.org/fhir/days-of-week"}]},"expansion":{"identifier":"urn:uuid:4c0bbd9e-2849-4187-aa8e-3bb5c6e96304","timestamp":"2016-03-07T20:23:55+11:00","contains":[{"system":"http://hl7.org/fhir/days-of-week","code":"mon","display":"Monday"},{"system":"http://hl7.org/fhir/days-of-week","code":"tue","display":"Tuesday"},{"system":"http://hl7.org/fhir/days-of-week","code":"wed","display":"Wednesday"},{"system":"http://hl7.org/fhir/days-of-week","code":"thu","display":"Thursday"},{"system":"http://hl7.org/fhir/days-of-week","code":"fri","display":"Friday"},{"system":"http://hl7.org/fhir/days-of-week","code":"sat","display":"Saturday"},{"system":"http://hl7.org/fhir/days-of-week","code":"sun","display":"Sunday"}]}}