{"resourceType":"ValueSet","id":"days-of-week","meta":{"profile":["http://hl7.org/fhir/StructureDefinition/shareablevalueset"]},"text":{"status":"empty"},"url":"http://hl7.org/fhir/ValueSet/days-of-week","identifier":[{"system":"urn:ietf:rfc:3986","value":"urn:oid:2.16.840.1.113883.4.642.3.506"}],"version":"3.0.0","name":"DaysOfWeek","status":"draft","experimental":false,"date":"2017-03-16T19:04:45+11:00","publisher":"HL7 (FHIR Project)","contact":[{"telecom":[{"system":"url","value":"http://hl7.org/fhir"},{"system":"email","value":"fhir@lists.hl7.org"}]}],"description":"The days of the week.","immutable":true,"compose":{"include":[{"system":"http://hl7.org/fhir/days-of-week"}]},"expansion":{"identifier":"urn:uuid:fcde68fd-1191-4833-93f7-c92a5fe1241f","timestamp":"2017-03-16T19:06:15+11:00","total":7,"parameter":[{"name":"version","valueUri":"http://hl7.org/fhir/days-of-week|3.0.0"}],"contains":[{"system":"http://hl7.org/fhir/days-of-week","code":"mon","display":"Monday"},{"system":"http://hl7.org/fhir/days-of-week","code":"tue","display":"Tuesday"},{"system":"http://hl7.org/fhir/days-of-week","code":"wed","display":"Wednesday"},{"system":"http://hl7.org/fhir/days-of-week","code":"thu","display":"Thursday"},{"system":"http://hl7.org/fhir/days-of-week","code":"fri","display":"Friday"},{"system":"http://hl7.org/fhir/days-of-week","code":"sat","display":"Saturday"},{"system":"http://hl7.org/fhir/days-of-week","code":"sun","display":"Sunday"}]}}