{"resourceType":"ValueSet","url":"http://hl7.org/fhir/ValueSet/days-of-week","identifier":[{"system":"urn:ietf:rfc:3986","value":"urn:oid:2.16.840.1.113883.4.642.2.302"}],"version":"1.7.0","name":"DaysOfWeek","status":"draft","experimental":false,"publisher":"HL7 (FHIR Project)","contact":[{"telecom":[{"system":"other","value":"http://hl7.org/fhir"},{"system":"email","value":"fhir@lists.hl7.org"}]}],"date":"2016-08-15T19:10:05+10:00","description":"The days of the week.","compose":{"include":[{"system":"http://hl7.org/fhir/days-of-week"}]},"expansion":{"identifier":"urn:uuid:567ded06-92a4-4101-8860-4794ba6c6378","timestamp":"2016-08-15T19:11:20+10:00","parameter":[{"name":"version","valueUri":"http://hl7.org/fhir/days-of-week?version=1.7.0"}],"contains":[{"system":"http://hl7.org/fhir/days-of-week","code":"mon","display":"Monday"},{"system":"http://hl7.org/fhir/days-of-week","code":"tue","display":"Tuesday"},{"system":"http://hl7.org/fhir/days-of-week","code":"wed","display":"Wednesday"},{"system":"http://hl7.org/fhir/days-of-week","code":"thu","display":"Thursday"},{"system":"http://hl7.org/fhir/days-of-week","code":"fri","display":"Friday"},{"system":"http://hl7.org/fhir/days-of-week","code":"sat","display":"Saturday"},{"system":"http://hl7.org/fhir/days-of-week","code":"sun","display":"Sunday"}]}}